<?xml version="1.0" encoding="UTF-8"?>

<routes xmlns:xsi="http://www.w3.org/2001/XMLSchema-instance" xsi:noNamespaceSchemaLocation="http://sumo.dlr.de/xsd/routes_file.xsd">
    <vehicle id="0" depart="0.00">
        <route edges="-300277139#2 -300277139#1 -300277139#0 "/>
    </vehicle>
    <vehicle id="1" depart="0.00">
        <route edges="1012063408#8 1102587385#0 304662600#8 304662600#9 "/>
    </vehicle>
    <vehicle id="2" depart="0.00">
        <route edges="-1027376564#3 -1027376564#2 -1027376564#0 -197978436#0 197978436#0"/>
    </vehicle>
    <vehicle id="3" depart="0.00">
        <route edges="-992683578#2 -992683578#1 -992683578#0 1020570887 "/>
    </vehicle>
</routes>
